Type, avg_time_per_flight, avg_dist_per_flight, avg_time_charging_per_charge_session, total_faults, passenger_miles
ALPHA,	1.818889, 218.266663, 0.377396, 0, 6980
BRAVO,	0.666667, 66.666672, 0.200000, 0, 666
CHARLIE,	0.624722, 99.955559, 0.800000, 0, 1797
DELTA,	1.666667, 150.000000, 0.000000, 0, 900
ECHO,	0.861944, 25.858334, 0.300000, 0, 515
