Type, avg_time_per_flight, avg_dist_per_flight, avg_time_charging_per_charge_session, total_faults, passenger_miles
ALPHA,	2.090833, 250.900009, 0.599722, 0, 5016
BRAVO,	0.666667, 66.666672, 0.200000, 0, 3332
CHARLIE,	0.624722, 99.955559, 0.800000, 0, 599
DELTA,	1.666667, 150.000000, 0.120926, 0, 1800
ECHO,	0.861944, 25.858334, 0.300000, 0, 412
