Type, avg_time_per_flight, avg_dist_per_flight, avg_time_charging_per_charge_session, total_faults, passenger_miles
ALPHA,	1.666389, 199.966660, 0.323333, 0, 1598
BRAVO,	1.173518, 117.351845, 0.200000, 0, 1760
CHARLIE,	0.624722, 99.955559, 0.796310, 0, 3893
DELTA,	1.666667, 150.000000, 0.000000, 0, 2100
ECHO,	1.135278, 34.058334, 0.300000, 0, 68
