Type, avg_time_per_flight, avg_dist_per_flight, avg_time_charging_per_charge_session, total_faults, passenger_miles
ALPHA,	1.666389, 199.966660, 0.000000, 0, 799
BRAVO,	1.240278, 124.027779, 0.200000, 0, 620
CHARLIE,	0.624722, 99.955559, 0.793542, 0, 4192
DELTA,	1.666667, 150.000000, 0.000000, 0, 1800
ECHO,	0.930278, 27.908333, 0.143333, 0, 221
