Type, avg_time_per_flight, avg_dist_per_flight, avg_time_charging_per_charge_session, total_faults, passenger_miles
ALPHA,	1.667783, 200.133942, 0.599722, 15, 745296
BRAVO,	0.666667, 66.666672, 0.200000, 7, 438331
CHARLIE,	0.624801, 99.968216, 0.800449, 1, 533528
DELTA,	1.667181, 150.046280, 0.620390, 10, 278485
ECHO,	0.861944, 25.858334, 0.300000, 20, 31702
